site,plot,drought,year,species,rel.cover,func
Kinsella,Kin-A5-5,ambient,2017,Car_spp,0.043103448,grass
Kinsella,Kin-A5-5,ambient,2017,Ely_tra,0.215517241,grass
Kinsella,Kin-A5-5,ambient,2017,Pas_smi,0.043103448,grass
Kinsella,Kin-A5-5,ambient,2017,Poa_pra,0.560344828,grass
Kinsella,Kin-A5-5,ambient,2017,Sol_mis,0.086206897,forb
Kinsella,Kin-A5-5,ambient,2017,Sym_fal,0.043103448,forb
Kinsella,Kin-A5-5,ambient,2017,Vic_ame,0.00862069,forb
Kinsella,Kin-A5-5,ambient,2018,Pas_smi,0.106666667,grass
Kinsella,Kin-A5-5,ambient,2018,Poa_pra,0.8,grass
Kinsella,Kin-A5-5,ambient,2018,Sol_mis,0.04,forb
Kinsella,Kin-A5-5,ambient,2018,Sym_fal,0.053333333,forb
Kinsella,Kin-A5-5,ambient,2019,Pas_smi,0.058823529,grass
Kinsella,Kin-A5-5,ambient,2019,Poa_pra,0.764705882,grass
Kinsella,Kin-A5-5,ambient,2019,Sol_mis,0.058823529,forb
Kinsella,Kin-A5-5,ambient,2019,Sym_fal,0.117647059,forb
Kinsella,Kin-A6-6,ambient,2017,Car_spp,0.092592593,grass
Kinsella,Kin-A6-6,ambient,2017,Ely_tra,0.138888889,grass
Kinsella,Kin-A6-6,ambient,2017,Fes_hal,0.092592593,grass
Kinsella,Kin-A6-6,ambient,2017,Hes_cur,0.046296296,grass
Kinsella,Kin-A6-6,ambient,2017,Pas_smi,0.231481481,grass
Kinsella,Kin-A6-6,ambient,2017,Poa_pra,0.37037037,grass
Kinsella,Kin-A6-6,ambient,2017,Sym_fal,0.018518519,forb
Kinsella,Kin-A6-6,ambient,2017,Vic_ame,0.009259259,forb
Kinsella,Kin-A6-6,ambient,2018,Ely_tra,0.125,grass
Kinsella,Kin-A6-6,ambient,2018,Pas_smi,0.0625,grass
Kinsella,Kin-A6-6,ambient,2018,Poa_pra,0.8125,grass
Kinsella,Kin-A6-6,ambient,2019,Ely_tra,0.128205128,grass
Kinsella,Kin-A6-6,ambient,2019,Fes_hal,0.128205128,grass
Kinsella,Kin-A6-6,ambient,2019,Pas_smi,0.102564103,grass
Kinsella,Kin-A6-6,ambient,2019,Poa_pra,0.576923077,grass
Kinsella,Kin-A6-6,ambient,2019,Vic_ame,0.064102564,forb
Kinsella,Kin-A9-9,ambient,2017,Car_spp,0.1,grass
Kinsella,Kin-A9-9,ambient,2017,Ely_tra,0.2,grass
Kinsella,Kin-A9-9,ambient,2017,Pas_smi,0.15,grass
Kinsella,Kin-A9-9,ambient,2017,Poa_pra,0.5,grass
Kinsella,Kin-A9-9,ambient,2017,Sym_fal,0.03,forb
Kinsella,Kin-A9-9,ambient,2017,Vic_ame,0.02,forb
Kinsella,Kin-A9-9,ambient,2018,Ely_tra,0.205479452,grass
Kinsella,Kin-A9-9,ambient,2018,Pas_smi,0.02739726,grass
Kinsella,Kin-A9-9,ambient,2018,Poa_pra,0.753424658,grass
Kinsella,Kin-A9-9,ambient,2018,Sym_fal,0.01369863,forb
Kinsella,Kin-A9-9,ambient,2019,Fes_hal,0.072463768,grass
Kinsella,Kin-A9-9,ambient,2019,Pas_smi,0.043478261,grass
Kinsella,Kin-A9-9,ambient,2019,Poa_pra,0.797101449,grass
Kinsella,Kin-A9-9,ambient,2019,Sym_fal,0.057971014,forb
Kinsella,Kin-A9-9,ambient,2019,Vic_ame,0.028985507,forb
Kinsella,Kin-B2-12,ambient,2017,Ach_mil,0.028169014,forb
Kinsella,Kin-B2-12,ambient,2017,Ast_agr,0.021126761,forb
Kinsella,Kin-B2-12,ambient,2017,Car_spp,0.070422535,grass
Kinsella,Kin-B2-12,ambient,2017,Geu_tri,0.105633803,forb
Kinsella,Kin-B2-12,ambient,2017,Pas_smi,0.14084507,grass
Kinsella,Kin-B2-12,ambient,2017,Poa_pra,0.528169014,grass
Kinsella,Kin-B2-12,ambient,2017,Vic_ame,0.105633803,forb
Kinsella,Kin-B2-12,ambient,2018,Ach_mil,0.033707865,forb
Kinsella,Kin-B2-12,ambient,2018,Ast_agr,0.011235955,forb
Kinsella,Kin-B2-12,ambient,2018,Geu_tri,0.168539326,forb
Kinsella,Kin-B2-12,ambient,2018,Pas_smi,0.056179775,grass
Kinsella,Kin-B2-12,ambient,2018,Poa_pra,0.730337079,grass
Kinsella,Kin-B2-12,ambient,2019,Ach_mil,0.094339623,forb
Kinsella,Kin-B2-12,ambient,2019,Ast_agr,0.028301887,forb
Kinsella,Kin-B2-12,ambient,2019,Car_spp,0.047169811,grass
Kinsella,Kin-B2-12,ambient,2019,Geu_tri,0.094339623,forb
Kinsella,Kin-B2-12,ambient,2019,Pas_smi,0.028301887,grass
Kinsella,Kin-B2-12,ambient,2019,Poa_pra,0.613207547,grass
Kinsella,Kin-B2-12,ambient,2019,Vic_ame,0.094339623,forb
Kinsella,Kin-B4-14,reduced,2017,Pas_smi,0.0625,grass
Kinsella,Kin-B4-14,reduced,2017,Poa_pra,0.875,grass
Kinsella,Kin-B4-14,reduced,2017,Vic_ame,0.0625,forb
Kinsella,Kin-B4-14,reduced,2018,Pas_smi,0.041666667,grass
Kinsella,Kin-B4-14,reduced,2018,Poa_pra,0.9375,grass
Kinsella,Kin-B4-14,reduced,2018,Vic_ame,0.020833333,forb
Kinsella,Kin-B4-14,reduced,2019,Poa_pra,0.890410959,grass
Kinsella,Kin-B4-14,reduced,2019,Vic_ame,0.109589041,forb
Kinsella,Kin-B9-19,reduced,2017,Art_fri,0.251572327,forb
Kinsella,Kin-B9-19,reduced,2017,Car_spp,0.157232704,grass
Kinsella,Kin-B9-19,reduced,2017,Pas_smi,0.157232704,grass
Kinsella,Kin-B9-19,reduced,2017,Poa_pra,0.314465409,grass
Kinsella,Kin-B9-19,reduced,2017,Sym_fal,0.094339623,forb
Kinsella,Kin-B9-19,reduced,2017,Vic_ame,0.025157233,forb
Kinsella,Kin-B9-19,reduced,2018,Art_fri,0.4,forb
Kinsella,Kin-B9-19,reduced,2018,Ast_agr,0.02,forb
Kinsella,Kin-B9-19,reduced,2018,Car_spp,0.05,grass
Kinsella,Kin-B9-19,reduced,2018,Pas_smi,0.1,grass
Kinsella,Kin-B9-19,reduced,2018,Poa_pra,0.3,grass
Kinsella,Kin-B9-19,reduced,2018,Sym_fal,0.1,forb
Kinsella,Kin-B9-19,reduced,2018,Vic_ame,0.03,forb
Kinsella,Kin-B9-19,reduced,2019,Art_fri,0.346153846,forb
Kinsella,Kin-B9-19,reduced,2019,Car_spp,0.307692308,grass
Kinsella,Kin-B9-19,reduced,2019,Pas_smi,0.038461538,grass
Kinsella,Kin-B9-19,reduced,2019,Poa_pra,0.230769231,grass
Kinsella,Kin-B9-19,reduced,2019,Vic_ame,0.076923077,forb
Kinsella,Kin-C3-23,ambient,2017,Art_fri,0.036764706,forb
Kinsella,Kin-C3-23,ambient,2017,Ast_agr,0.073529412,forb
Kinsella,Kin-C3-23,ambient,2017,Car_spp,0.022058824,grass
Kinsella,Kin-C3-23,ambient,2017,Fes_hal,0.110294118,grass
Kinsella,Kin-C3-23,ambient,2017,Pas_smi,0.147058824,grass
Kinsella,Kin-C3-23,ambient,2017,Poa_pra,0.588235294,grass
Kinsella,Kin-C3-23,ambient,2017,Pul_pat,0.022058824,forb
Kinsella,Kin-C3-23,ambient,2018,Art_fri,0.057471264,forb
Kinsella,Kin-C3-23,ambient,2018,Ast_agr,0.022988506,forb
Kinsella,Kin-C3-23,ambient,2018,Pas_smi,0.114942529,grass
Kinsella,Kin-C3-23,ambient,2018,Poa_pra,0.804597701,grass
Kinsella,Kin-C3-23,ambient,2019,Art_fri,0.085470085,forb
Kinsella,Kin-C3-23,ambient,2019,Ast_agr,0.042735043,forb
Kinsella,Kin-C3-23,ambient,2019,Pas_smi,0.042735043,grass
Kinsella,Kin-C3-23,ambient,2019,Poa_pra,0.769230769,grass
Kinsella,Kin-C3-23,ambient,2019,Pul_pat,0.017094017,forb
Kinsella,Kin-C3-23,ambient,2019,Vic_ame,0.042735043,forb
Kinsella,Kin-C7-27,reduced,2017,Art_fri,0.016,forb
Kinsella,Kin-C7-27,reduced,2017,Car_spp,0.68,grass
Kinsella,Kin-C7-27,reduced,2017,Pas_smi,0.16,grass
Kinsella,Kin-C7-27,reduced,2017,Poa_pra,0.12,grass
Kinsella,Kin-C7-27,reduced,2017,Pul_pat,0.008,forb
Kinsella,Kin-C7-27,reduced,2017,Vic_ame,0.016,forb
Kinsella,Kin-C7-27,reduced,2018,Art_fri,0.029126214,forb
Kinsella,Kin-C7-27,reduced,2018,Car_spp,0.339805825,grass
Kinsella,Kin-C7-27,reduced,2018,Hes_cur,0.145631068,grass
Kinsella,Kin-C7-27,reduced,2018,Pas_smi,0.145631068,grass
Kinsella,Kin-C7-27,reduced,2018,Poa_pra,0.194174757,grass
Kinsella,Kin-C7-27,reduced,2018,Pul_pat,0.145631068,forb
Kinsella,Kin-C7-27,reduced,2019,Art_fri,0.053333333,forb
Kinsella,Kin-C7-27,reduced,2019,Car_spp,0.3,grass
Kinsella,Kin-C7-27,reduced,2019,Fes_hal,0.1,grass
Kinsella,Kin-C7-27,reduced,2019,Hes_cur,0.133333333,grass
Kinsella,Kin-C7-27,reduced,2019,Pas_smi,0.1,grass
Kinsella,Kin-C7-27,reduced,2019,Poa_pra,0.133333333,grass
Kinsella,Kin-C7-27,reduced,2019,Pul_pat,0.166666667,forb
Kinsella,Kin-C7-27,reduced,2019,Vic_ame,0.013333333,forb
Kinsella,Kin-E10-50,reduced,2017,Ach_mil,0.104166667,forb
Kinsella,Kin-E10-50,reduced,2017,Art_fri,0.034722222,forb
Kinsella,Kin-E10-50,reduced,2017,Axy_ama,0.013888889,forb
Kinsella,Kin-E10-50,reduced,2017,Car_spp,0.104166667,grass
Kinsella,Kin-E10-50,reduced,2017,Hes_cur,0.034722222,grass
Kinsella,Kin-E10-50,reduced,2017,Pas_smi,0.173611111,grass
Kinsella,Kin-E10-50,reduced,2017,Poa_pra,0.381944444,grass
Kinsella,Kin-E10-50,reduced,2017,Pul_pat,0.027777778,forb
Kinsella,Kin-E10-50,reduced,2017,Sol_mis,0.027777778,forb
Kinsella,Kin-E10-50,reduced,2017,Sym_fal,0.069444444,forb
Kinsella,Kin-E10-50,reduced,2017,Vic_ame,0.027777778,forb
Kinsella,Kin-E10-50,reduced,2018,Ach_mil,0.161290323,forb
Kinsella,Kin-E10-50,reduced,2018,Art_fri,0.161290323,forb
Kinsella,Kin-E10-50,reduced,2018,Pas_smi,0.322580645,grass
Kinsella,Kin-E10-50,reduced,2018,Poa_pra,0.129032258,grass
Kinsella,Kin-E10-50,reduced,2018,Pul_pat,0.161290323,forb
Kinsella,Kin-E10-50,reduced,2018,Sym_fal,0.064516129,forb
Kinsella,Kin-E10-50,reduced,2019,Ach_mil,0.061728395,forb
Kinsella,Kin-E10-50,reduced,2019,Art_fri,0.154320988,forb
Kinsella,Kin-E10-50,reduced,2019,Car_spp,0.154320988,grass
Kinsella,Kin-E10-50,reduced,2019,Pas_smi,0.030864198,grass
Kinsella,Kin-E10-50,reduced,2019,Poa_pra,0.524691358,grass
Kinsella,Kin-E10-50,reduced,2019,Pul_pat,0.049382716,forb
Kinsella,Kin-E10-50,reduced,2019,Vic_ame,0.024691358,forb
Kinsella,Kin-E2-42,reduced,2017,Ach_mil,0.1,forb
Kinsella,Kin-E2-42,reduced,2017,Art_fri,0.066666667,forb
Kinsella,Kin-E2-42,reduced,2017,Ast_agr,0.033333333,forb
Kinsella,Kin-E2-42,reduced,2017,Car_spp,0.1,grass
Kinsella,Kin-E2-42,reduced,2017,Fes_hal,0.133333333,grass
Kinsella,Kin-E2-42,reduced,2017,Hes_cur,0.066666667,grass
Kinsella,Kin-E2-42,reduced,2017,Pas_smi,0.166666667,grass
Kinsella,Kin-E2-42,reduced,2017,Poa_pra,0.2,grass
Kinsella,Kin-E2-42,reduced,2017,Sym_fal,0.1,forb
Kinsella,Kin-E2-42,reduced,2017,Vic_ame,0.033333333,forb
Kinsella,Kin-E2-42,reduced,2018,Ach_mil,0.11627907,forb
Kinsella,Kin-E2-42,reduced,2018,Art_fri,0.034883721,forb
Kinsella,Kin-E2-42,reduced,2018,Ast_agr,0.023255814,forb
Kinsella,Kin-E2-42,reduced,2018,Car_spp,0.11627907,grass
Kinsella,Kin-E2-42,reduced,2018,Fes_hal,0.23255814,grass
Kinsella,Kin-E2-42,reduced,2018,Pas_smi,0.11627907,grass
Kinsella,Kin-E2-42,reduced,2018,Poa_pra,0.290697674,grass
Kinsella,Kin-E2-42,reduced,2018,Sym_fal,0.034883721,forb
Kinsella,Kin-E2-42,reduced,2018,Vic_ame,0.034883721,forb
Kinsella,Kin-E2-42,reduced,2019,Ach_mil,0.072992701,forb
Kinsella,Kin-E2-42,reduced,2019,Art_fri,0.03649635,forb
Kinsella,Kin-E2-42,reduced,2019,Ast_agr,0.02189781,forb
Kinsella,Kin-E2-42,reduced,2019,Car_spp,0.072992701,grass
Kinsella,Kin-E2-42,reduced,2019,Fes_hal,0.437956204,grass
Kinsella,Kin-E2-42,reduced,2019,Pas_smi,0.072992701,grass
Kinsella,Kin-E2-42,reduced,2019,Poa_pra,0.182481752,grass
Kinsella,Kin-E2-42,reduced,2019,Sym_fal,0.02919708,forb
Kinsella,Kin-E2-42,reduced,2019,Vic_ame,0.072992701,forb
Mattheis,Mat-B10-70,reduced,2017,Art_fri,0.117647059,forb
Mattheis,Mat-B10-70,reduced,2017,Bou_gra,0.220588235,grass
Mattheis,Mat-B10-70,reduced,2017,Car_spp,0.044117647,grass
Mattheis,Mat-B10-70,reduced,2017,Hes_com,0.294117647,grass
Mattheis,Mat-B10-70,reduced,2017,Koe_mac,0.220588235,grass
Mattheis,Mat-B10-70,reduced,2017,Lit_inc,0.073529412,forb
Mattheis,Mat-B10-70,reduced,2017,Tar_off,0.014705882,forb
Mattheis,Mat-B10-70,reduced,2017,Tra_dub,0.014705882,forb
Mattheis,Mat-B10-70,reduced,2018,Bou_gra,0.476190476,grass
Mattheis,Mat-B10-70,reduced,2018,Car_spp,0.047619048,grass
Mattheis,Mat-B10-70,reduced,2018,Hes_com,0.238095238,grass
Mattheis,Mat-B10-70,reduced,2018,Koe_mac,0.119047619,grass
Mattheis,Mat-B10-70,reduced,2018,Lit_inc,0.047619048,forb
Mattheis,Mat-B10-70,reduced,2018,Tar_off,0.071428571,forb
Mattheis,Mat-B10-70,reduced,2019,Bou_gra,0.263157895,grass
Mattheis,Mat-B10-70,reduced,2019,Car_spp,0.052631579,grass
Mattheis,Mat-B10-70,reduced,2019,Hes_com,0.394736842,grass
Mattheis,Mat-B10-70,reduced,2019,Koe_mac,0.263157895,grass
Mattheis,Mat-B10-70,reduced,2019,Tar_off,0.026315789,forb
Mattheis,Mat-B5-65,reduced,2017,Art_fri,0.273972603,forb
Mattheis,Mat-B5-65,reduced,2017,Bou_gra,0.410958904,grass
Mattheis,Mat-B5-65,reduced,2017,Car_spp,0.04109589,grass
Mattheis,Mat-B5-65,reduced,2017,Hes_com,0.273972603,grass
Mattheis,Mat-B5-65,reduced,2018,Art_fri,0.142857143,forb
Mattheis,Mat-B5-65,reduced,2018,Bou_gra,0.428571429,grass
Mattheis,Mat-B5-65,reduced,2018,Car_spp,0.057142857,grass
Mattheis,Mat-B5-65,reduced,2018,Hes_com,0.228571429,grass
Mattheis,Mat-B5-65,reduced,2018,Koe_mac,0.142857143,grass
Mattheis,Mat-B5-65,reduced,2019,Art_fri,0.12195122,forb
Mattheis,Mat-B5-65,reduced,2019,Bou_gra,0.365853659,grass
Mattheis,Mat-B5-65,reduced,2019,Car_spp,0.073170732,grass
Mattheis,Mat-B5-65,reduced,2019,Hes_com,0.243902439,grass
Mattheis,Mat-B5-65,reduced,2019,Koe_mac,0.195121951,grass
Mattheis,Mat-B9-69,reduced,2017,Art_fri,0.178571429,forb
Mattheis,Mat-B9-69,reduced,2017,Bou_gra,0.357142857,grass
Mattheis,Mat-B9-69,reduced,2017,Car_spp,0.053571429,grass
Mattheis,Mat-B9-69,reduced,2017,Hes_com,0.178571429,grass
Mattheis,Mat-B9-69,reduced,2017,Koe_mac,0.089285714,grass
Mattheis,Mat-B9-69,reduced,2017,Lit_inc,0.142857143,forb
Mattheis,Mat-B9-69,reduced,2018,Art_fri,0.136363636,forb
Mattheis,Mat-B9-69,reduced,2018,Bou_gra,0.227272727,grass
Mattheis,Mat-B9-69,reduced,2018,Car_spp,0.181818182,grass
Mattheis,Mat-B9-69,reduced,2018,Hes_com,0.227272727,grass
Mattheis,Mat-B9-69,reduced,2018,Lit_inc,0.090909091,forb
Mattheis,Mat-B9-69,reduced,2018,Sym_eri,0.136363636,forb
Mattheis,Mat-B9-69,reduced,2019,Art_fri,0.113636364,forb
Mattheis,Mat-B9-69,reduced,2019,Bou_gra,0.340909091,grass
Mattheis,Mat-B9-69,reduced,2019,Car_spp,0.113636364,grass
Mattheis,Mat-B9-69,reduced,2019,Hes_com,0.227272727,grass
Mattheis,Mat-B9-69,reduced,2019,Koe_mac,0.113636364,grass
Mattheis,Mat-B9-69,reduced,2019,Lit_inc,0.090909091,forb
Mattheis,Mat-C3-73,ambient,2017,Art_fri,0.144927536,forb
Mattheis,Mat-C3-73,ambient,2017,Bou_gra,0.289855072,grass
Mattheis,Mat-C3-73,ambient,2017,Car_spp,0.028985507,grass
Mattheis,Mat-C3-73,ambient,2017,Gau_coc,0.028985507,forb
Mattheis,Mat-C3-73,ambient,2017,Hes_com,0.072463768,grass
Mattheis,Mat-C3-73,ambient,2017,Koe_mac,0.289855072,grass
Mattheis,Mat-C3-73,ambient,2017,Tra_dub,0.144927536,forb
Mattheis,Mat-C3-73,ambient,2018,Art_fri,0.182926829,forb
Mattheis,Mat-C3-73,ambient,2018,Bou_gra,0.426829268,grass
Mattheis,Mat-C3-73,ambient,2018,Car_spp,0.024390244,grass
Mattheis,Mat-C3-73,ambient,2018,Gau_coc,0.06097561,forb
Mattheis,Mat-C3-73,ambient,2018,Hes_com,0.06097561,grass
Mattheis,Mat-C3-73,ambient,2018,Koe_mac,0.12195122,grass
Mattheis,Mat-C3-73,ambient,2018,Tra_dub,0.12195122,forb
Mattheis,Mat-C3-73,ambient,2019,Art_fri,0.092592593,forb
Mattheis,Mat-C3-73,ambient,2019,Bou_gra,0.462962963,grass
Mattheis,Mat-C3-73,ambient,2019,Car_spp,0.074074074,grass
Mattheis,Mat-C3-73,ambient,2019,Hes_com,0.185185185,grass
Mattheis,Mat-C3-73,ambient,2019,Koe_mac,0.185185185,grass
Mattheis,Mat-C7-77,reduced,2017,Art_fri,0.150943396,forb
Mattheis,Mat-C7-77,reduced,2017,Bou_gra,0.283018868,grass
Mattheis,Mat-C7-77,reduced,2017,Car_spp,0.075471698,grass
Mattheis,Mat-C7-77,reduced,2017,Gau_coc,0.037735849,forb
Mattheis,Mat-C7-77,reduced,2017,Hes_com,0.283018868,grass
Mattheis,Mat-C7-77,reduced,2017,Koe_mac,0.150943396,grass
Mattheis,Mat-C7-77,reduced,2017,Tar_off,0.018867925,forb
Mattheis,Mat-C7-77,reduced,2018,Bou_gra,0.454545455,grass
Mattheis,Mat-C7-77,reduced,2018,Car_spp,0.090909091,grass
Mattheis,Mat-C7-77,reduced,2018,Koe_mac,0.181818182,grass
Mattheis,Mat-C7-77,reduced,2018,Pas_smi,0.272727273,grass
Mattheis,Mat-C7-77,reduced,2019,Bou_gra,0.446428571,grass
Mattheis,Mat-C7-77,reduced,2019,Car_spp,0.053571429,grass
Mattheis,Mat-C7-77,reduced,2019,Hes_com,0.267857143,grass
Mattheis,Mat-C7-77,reduced,2019,Koe_mac,0.178571429,grass
Mattheis,Mat-C7-77,reduced,2019,Poa_cus,0.053571429,grass
Mattheis,Mat-C8-78,reduced,2017,Art_fri,0.238095238,forb
Mattheis,Mat-C8-78,reduced,2017,Bou_gra,0.158730159,grass
Mattheis,Mat-C8-78,reduced,2017,Car_spp,0.047619048,grass
Mattheis,Mat-C8-78,reduced,2017,Gau_coc,0.079365079,forb
Mattheis,Mat-C8-78,reduced,2017,Hes_com,0.396825397,grass
Mattheis,Mat-C8-78,reduced,2017,Koe_mac,0.079365079,grass
Mattheis,Mat-C8-78,reduced,2018,Art_fri,0.214285714,forb
Mattheis,Mat-C8-78,reduced,2018,Bou_gra,0.214285714,grass
Mattheis,Mat-C8-78,reduced,2018,Car_spp,0.071428571,grass
Mattheis,Mat-C8-78,reduced,2018,Hes_com,0.428571429,grass
Mattheis,Mat-C8-78,reduced,2018,Koe_mac,0.071428571,grass
Mattheis,Mat-C8-78,reduced,2019,Art_fri,0.153846154,forb
Mattheis,Mat-C8-78,reduced,2019,Bou_gra,0.230769231,grass
Mattheis,Mat-C8-78,reduced,2019,Car_spp,0.076923077,grass
Mattheis,Mat-C8-78,reduced,2019,Hes_com,0.384615385,grass
Mattheis,Mat-C8-78,reduced,2019,Koe_mac,0.153846154,grass
Mattheis,Mat-C9-79,ambient,2017,Art_fri,0.245901639,forb
Mattheis,Mat-C9-79,ambient,2017,Bou_gra,0.163934426,grass
Mattheis,Mat-C9-79,ambient,2017,Car_spp,0.131147541,grass
Mattheis,Mat-C9-79,ambient,2017,Gau_coc,0.131147541,forb
Mattheis,Mat-C9-79,ambient,2017,Hes_com,0.327868852,grass
Mattheis,Mat-C9-79,ambient,2018,Art_fri,0.230769231,forb
Mattheis,Mat-C9-79,ambient,2018,Bou_gra,0.153846154,grass
Mattheis,Mat-C9-79,ambient,2018,Car_spp,0.153846154,grass
Mattheis,Mat-C9-79,ambient,2018,Hes_com,0.461538462,grass
Mattheis,Mat-C9-79,ambient,2019,Art_fri,0.049180328,forb
Mattheis,Mat-C9-79,ambient,2019,Bou_gra,0.163934426,grass
Mattheis,Mat-C9-79,ambient,2019,Car_spp,0.131147541,grass
Mattheis,Mat-C9-79,ambient,2019,Hes_com,0.573770492,grass
Mattheis,Mat-C9-79,ambient,2019,Koe_mac,0.081967213,grass
Mattheis,Mat-D10-90,ambient,2017,Art_fri,0.1875,forb
Mattheis,Mat-D10-90,ambient,2017,Bou_gra,0.5,grass
Mattheis,Mat-D10-90,ambient,2017,Car_spp,0.0375,grass
Mattheis,Mat-D10-90,ambient,2017,Gau_coc,0.025,forb
Mattheis,Mat-D10-90,ambient,2017,Hes_com,0.25,grass
Mattheis,Mat-D10-90,ambient,2018,Art_fri,0.196078431,forb
Mattheis,Mat-D10-90,ambient,2018,Bou_gra,0.637254902,grass
Mattheis,Mat-D10-90,ambient,2018,Car_spp,0.019607843,grass
Mattheis,Mat-D10-90,ambient,2018,Hes_com,0.147058824,grass
Mattheis,Mat-D10-90,ambient,2019,Art_fri,0.125,forb
Mattheis,Mat-D10-90,ambient,2019,Bou_gra,0.625,grass
Mattheis,Mat-D10-90,ambient,2019,Car_spp,0.0625,grass
Mattheis,Mat-D10-90,ambient,2019,Hes_com,0.1875,grass
Mattheis,Mat-D8-88,ambient,2017,Agr_sca,0.05952381,grass
Mattheis,Mat-D8-88,ambient,2017,Art_fri,0.297619048,forb
Mattheis,Mat-D8-88,ambient,2017,Bou_gra,0.238095238,grass
Mattheis,Mat-D8-88,ambient,2017,Car_spp,0.035714286,grass
Mattheis,Mat-D8-88,ambient,2017,Hes_com,0.05952381,grass
Mattheis,Mat-D8-88,ambient,2017,Koe_mac,0.297619048,grass
Mattheis,Mat-D8-88,ambient,2017,Tra_dub,0.011904762,forb
Mattheis,Mat-D8-88,ambient,2018,Art_fri,0.174418605,forb
Mattheis,Mat-D8-88,ambient,2018,Bou_gra,0.465116279,grass
Mattheis,Mat-D8-88,ambient,2018,Car_spp,0.034883721,grass
Mattheis,Mat-D8-88,ambient,2018,Hes_com,0.034883721,grass
Mattheis,Mat-D8-88,ambient,2018,Koe_mac,0.290697674,grass
Mattheis,Mat-D8-88,ambient,2019,Art_fri,0.059701493,forb
Mattheis,Mat-D8-88,ambient,2019,Bou_gra,0.52238806,grass
Mattheis,Mat-D8-88,ambient,2019,Car_spp,0.119402985,grass
Mattheis,Mat-D8-88,ambient,2019,Hes_com,0.074626866,grass
Mattheis,Mat-D8-88,ambient,2019,Koe_mac,0.223880597,grass
Mattheis,Mat-E7-97,ambient,2017,Art_fri,0.147058824,forb
Mattheis,Mat-E7-97,ambient,2017,Bou_gra,0.147058824,grass
Mattheis,Mat-E7-97,ambient,2017,Car_spp,0.044117647,grass
Mattheis,Mat-E7-97,ambient,2017,Hes_com,0.294117647,grass
Mattheis,Mat-E7-97,ambient,2017,Koe_mac,0.117647059,grass
Mattheis,Mat-E7-97,ambient,2017,Sym_eri,0.220588235,forb
Mattheis,Mat-E7-97,ambient,2017,Tra_dub,0.029411765,forb
Mattheis,Mat-E7-97,ambient,2018,Art_fri,0.230769231,forb
Mattheis,Mat-E7-97,ambient,2018,Bou_gra,0.153846154,grass
Mattheis,Mat-E7-97,ambient,2018,Car_spp,0.015384615,grass
Mattheis,Mat-E7-97,ambient,2018,Hes_com,0.153846154,grass
Mattheis,Mat-E7-97,ambient,2018,Koe_mac,0.153846154,grass
Mattheis,Mat-E7-97,ambient,2018,Sym_eri,0.230769231,forb
Mattheis,Mat-E7-97,ambient,2018,Tar_off,0.030769231,forb
Mattheis,Mat-E7-97,ambient,2018,Tra_dub,0.030769231,forb
Mattheis,Mat-E7-97,ambient,2019,Art_fri,0.242424242,forb
Mattheis,Mat-E7-97,ambient,2019,Bou_gra,0.151515152,grass
Mattheis,Mat-E7-97,ambient,2019,Car_spp,0.060606061,grass
Mattheis,Mat-E7-97,ambient,2019,Hes_com,0.242424242,grass
Mattheis,Mat-E7-97,ambient,2019,Koe_mac,0.151515152,grass
Mattheis,Mat-E7-97,ambient,2019,Tar_off,0.151515152,forb
Onefour,One-A3-103,reduced,2017,Agr_das,0.084745763,grass
Onefour,One-A3-103,reduced,2017,Bou_gra,0.016949153,grass
Onefour,One-A3-103,reduced,2017,Car_spp,0.016949153,grass
Onefour,One-A3-103,reduced,2017,Hes_com,0.338983051,grass
Onefour,One-A3-103,reduced,2017,Het_vil,0.338983051,forb
Onefour,One-A3-103,reduced,2017,Koe_mac,0.084745763,grass
Onefour,One-A3-103,reduced,2017,Sph_coc,0.06779661,forb
Onefour,One-A3-103,reduced,2017,Tra_dub,0.050847458,forb
Onefour,One-A3-103,reduced,2018,Agr_das,0.298507463,grass
Onefour,One-A3-103,reduced,2018,Bou_gra,0.029850746,grass
Onefour,One-A3-103,reduced,2018,Car_spp,0.029850746,grass
Onefour,One-A3-103,reduced,2018,Het_vil,0.223880597,forb
Onefour,One-A3-103,reduced,2018,Phl_hoo,0.119402985,forb
Onefour,One-A3-103,reduced,2018,Sal_kal,0.029850746,forb
Onefour,One-A3-103,reduced,2018,Sph_coc,0.119402985,forb
Onefour,One-A3-103,reduced,2018,Tra_dub,0.149253731,forb
Onefour,One-A3-103,reduced,2019,Agr_das,0.438596491,grass
Onefour,One-A3-103,reduced,2019,Car_spp,0.087719298,grass
Onefour,One-A3-103,reduced,2019,Hes_com,0.087719298,grass
Onefour,One-A3-103,reduced,2019,Het_vil,0.175438596,forb
Onefour,One-A3-103,reduced,2019,Phl_hoo,0.035087719,forb
Onefour,One-A3-103,reduced,2019,Sph_coc,0.052631579,forb
Onefour,One-A3-103,reduced,2019,Tar_off,0.035087719,forb
Onefour,One-A3-103,reduced,2019,Tra_dub,0.087719298,forb
Onefour,One-A8-108,ambient,2017,Agr_das,0.111111111,grass
Onefour,One-A8-108,ambient,2017,Bou_gra,0.022222222,grass
Onefour,One-A8-108,ambient,2017,Car_spp,0.022222222,grass
Onefour,One-A8-108,ambient,2017,Hes_com,0.444444444,grass
Onefour,One-A8-108,ambient,2017,Koe_mac,0.044444444,grass
Onefour,One-A8-108,ambient,2017,Pas_smi,0.333333333,grass
Onefour,One-A8-108,ambient,2017,Tra_dub,0.022222222,forb
Onefour,One-A8-108,ambient,2018,Bou_gra,0.076923077,grass
Onefour,One-A8-108,ambient,2018,Car_spp,0.096153846,grass
Onefour,One-A8-108,ambient,2018,Hes_com,0.096153846,grass
Onefour,One-A8-108,ambient,2018,Koe_mac,0.076923077,grass
Onefour,One-A8-108,ambient,2018,Pas_smi,0.480769231,grass
Onefour,One-A8-108,ambient,2018,Tar_off,0.019230769,forb
Onefour,One-A8-108,ambient,2018,Tra_dub,0.153846154,forb
Onefour,One-A8-108,ambient,2019,Agr_das,0.4,grass
Onefour,One-A8-108,ambient,2019,Car_spp,0.1,grass
Onefour,One-A8-108,ambient,2019,Hes_com,0.4,grass
Onefour,One-A8-108,ambient,2019,Koe_mac,0.04,grass
Onefour,One-A8-108,ambient,2019,Tra_dub,0.06,forb
Onefour,One-B2-112,ambient,2017,Agr_das,0.138888889,grass
Onefour,One-B2-112,ambient,2017,Art_fri,0.138888889,forb
Onefour,One-B2-112,ambient,2017,Bou_gra,0.055555556,grass
Onefour,One-B2-112,ambient,2017,Car_spp,0.027777778,grass
Onefour,One-B2-112,ambient,2017,Hes_com,0.416666667,grass
Onefour,One-B2-112,ambient,2017,Pla_pat,0.083333333,forb
Onefour,One-B2-112,ambient,2017,Sph_coc,0.055555556,forb
Onefour,One-B2-112,ambient,2017,Tra_dub,0.083333333,forb
Onefour,One-B2-112,ambient,2018,Agr_das,0.138888889,grass
Onefour,One-B2-112,ambient,2018,Bou_gra,0.138888889,grass
Onefour,One-B2-112,ambient,2018,Car_spp,0.138888889,grass
Onefour,One-B2-112,ambient,2018,Hes_com,0.208333333,grass
Onefour,One-B2-112,ambient,2018,Oxy_ser,0.041666667,forb
Onefour,One-B2-112,ambient,2018,Pla_pat,0.069444444,forb
Onefour,One-B2-112,ambient,2018,Sph_coc,0.055555556,forb
Onefour,One-B2-112,ambient,2018,Tra_dub,0.208333333,forb
Onefour,One-B2-112,ambient,2019,Agr_das,0.16,grass
Onefour,One-B2-112,ambient,2019,Bou_gra,0.1,grass
Onefour,One-B2-112,ambient,2019,Car_spp,0.2,grass
Onefour,One-B2-112,ambient,2019,Hes_com,0.3,grass
Onefour,One-B2-112,ambient,2019,Sph_coc,0.04,forb
Onefour,One-B2-112,ambient,2019,Tra_dub,0.2,forb
Onefour,One-B5-115,reduced,2017,Agr_das,0.2,grass
Onefour,One-B5-115,reduced,2017,Art_fri,0.12,forb
Onefour,One-B5-115,reduced,2017,Bou_gra,0.12,grass
Onefour,One-B5-115,reduced,2017,Car_spp,0.04,grass
Onefour,One-B5-115,reduced,2017,Hes_com,0.2,grass
Onefour,One-B5-115,reduced,2017,Koe_mac,0.08,grass
Onefour,One-B5-115,reduced,2017,Sph_coc,0.16,forb
Onefour,One-B5-115,reduced,2017,Tra_dub,0.08,forb
Onefour,One-B5-115,reduced,2018,Agr_das,0.333333333,grass
Onefour,One-B5-115,reduced,2018,Bou_gra,0.177777778,grass
Onefour,One-B5-115,reduced,2018,Car_spp,0.066666667,grass
Onefour,One-B5-115,reduced,2018,Koe_mac,0.044444444,grass
Onefour,One-B5-115,reduced,2018,Phl_hoo,0.022222222,forb
Onefour,One-B5-115,reduced,2018,Sph_coc,0.177777778,forb
Onefour,One-B5-115,reduced,2018,Tra_dub,0.177777778,forb
Onefour,One-B5-115,reduced,2019,Agr_das,0.263157895,grass
Onefour,One-B5-115,reduced,2019,Bou_gra,0.131578947,grass
Onefour,One-B5-115,reduced,2019,Car_spp,0.131578947,grass
Onefour,One-B5-115,reduced,2019,Hes_com,0.210526316,grass
Onefour,One-B5-115,reduced,2019,Koe_mac,0.105263158,grass
Onefour,One-B5-115,reduced,2019,Phl_hoo,0.052631579,forb
Onefour,One-B5-115,reduced,2019,Sph_coc,0.105263158,forb
Onefour,One-C5-125,ambient,2017,Agr_das,0.104166667,grass
Onefour,One-C5-125,ambient,2017,Bou_gra,0.041666667,grass
Onefour,One-C5-125,ambient,2017,Car_spp,0.041666667,grass
Onefour,One-C5-125,ambient,2017,Hes_com,0.3125,grass
Onefour,One-C5-125,ambient,2017,Koe_mac,0.3125,grass
Onefour,One-C5-125,ambient,2017,Pla_pat,0.020833333,forb
Onefour,One-C5-125,ambient,2017,Sph_coc,0.104166667,forb
Onefour,One-C5-125,ambient,2017,Tra_dub,0.0625,forb
Onefour,One-C5-125,ambient,2018,Agr_das,0.288461538,grass
Onefour,One-C5-125,ambient,2018,Bou_gra,0.096153846,grass
Onefour,One-C5-125,ambient,2018,Car_spp,0.057692308,grass
Onefour,One-C5-125,ambient,2018,Hes_com,0.096153846,grass
Onefour,One-C5-125,ambient,2018,Koe_mac,0.288461538,grass
Onefour,One-C5-125,ambient,2018,Pla_pat,0.019230769,forb
Onefour,One-C5-125,ambient,2018,Sph_coc,0.096153846,forb
Onefour,One-C5-125,ambient,2018,Tra_dub,0.057692308,forb
Onefour,One-C5-125,ambient,2019,Agr_das,0.27027027,grass
Onefour,One-C5-125,ambient,2019,Bou_gra,0.081081081,grass
Onefour,One-C5-125,ambient,2019,Car_spp,0.135135135,grass
Onefour,One-C5-125,ambient,2019,Hes_com,0.135135135,grass
Onefour,One-C5-125,ambient,2019,Koe_mac,0.216216216,grass
Onefour,One-C5-125,ambient,2019,Sph_coc,0.108108108,forb
Onefour,One-C5-125,ambient,2019,Tra_dub,0.054054054,forb
Onefour,One-D1-131,reduced,2017,Art_fri,0.045454545,forb
Onefour,One-D1-131,reduced,2017,Bou_gra,0.113636364,grass
Onefour,One-D1-131,reduced,2017,Car_spp,0.022727273,grass
Onefour,One-D1-131,reduced,2017,Hes_com,0.681818182,grass
Onefour,One-D1-131,reduced,2017,Koe_mac,0.068181818,grass
Onefour,One-D1-131,reduced,2017,Sph_coc,0.022727273,forb
Onefour,One-D1-131,reduced,2017,Tra_dub,0.045454545,forb
Onefour,One-D1-131,reduced,2018,Art_fri,0.166666667,forb
Onefour,One-D1-131,reduced,2018,Bou_gra,0.208333333,grass
Onefour,One-D1-131,reduced,2018,Car_spp,0.041666667,grass
Onefour,One-D1-131,reduced,2018,Hes_com,0.208333333,grass
Onefour,One-D1-131,reduced,2018,Koe_mac,0.104166667,grass
Onefour,One-D1-131,reduced,2018,Phl_hoo,0.0625,forb
Onefour,One-D1-131,reduced,2018,Pla_pat,0.041666667,forb
Onefour,One-D1-131,reduced,2018,Sph_coc,0.0625,forb
Onefour,One-D1-131,reduced,2018,Tra_dub,0.104166667,forb
Onefour,One-D1-131,reduced,2019,Art_fri,0.096153846,forb
Onefour,One-D1-131,reduced,2019,Bou_gra,0.192307692,grass
Onefour,One-D1-131,reduced,2019,Car_spp,0.057692308,grass
Onefour,One-D1-131,reduced,2019,Hes_com,0.480769231,grass
Onefour,One-D1-131,reduced,2019,Phl_hoo,0.057692308,forb
Onefour,One-D1-131,reduced,2019,Sph_coc,0.057692308,forb
Onefour,One-D1-131,reduced,2019,Tra_dub,0.057692308,forb
Onefour,One-D7-137,ambient,2017,Agr_das,0.344827586,grass
Onefour,One-D7-137,ambient,2017,Bou_gra,0.017241379,grass
Onefour,One-D7-137,ambient,2017,Car_spp,0.017241379,grass
Onefour,One-D7-137,ambient,2017,Hes_com,0.431034483,grass
Onefour,One-D7-137,ambient,2017,Koe_mac,0.086206897,grass
Onefour,One-D7-137,ambient,2017,Sph_coc,0.086206897,forb
Onefour,One-D7-137,ambient,2017,Tra_dub,0.017241379,forb
Onefour,One-D7-137,ambient,2018,Agr_das,0.113636364,grass
Onefour,One-D7-137,ambient,2018,Bou_gra,0.181818182,grass
Onefour,One-D7-137,ambient,2018,Car_spp,0.045454545,grass
Onefour,One-D7-137,ambient,2018,Hes_com,0.227272727,grass
Onefour,One-D7-137,ambient,2018,Phl_hoo,0.113636364,forb
Onefour,One-D7-137,ambient,2018,Pla_pat,0.022727273,forb
Onefour,One-D7-137,ambient,2018,Sph_coc,0.227272727,forb
Onefour,One-D7-137,ambient,2018,Tar_off,0.068181818,forb
Onefour,One-D7-137,ambient,2019,Agr_das,0.098039216,grass
Onefour,One-D7-137,ambient,2019,Bou_gra,0.058823529,grass
Onefour,One-D7-137,ambient,2019,Car_spp,0.039215686,grass
Onefour,One-D7-137,ambient,2019,Hes_com,0.392156863,grass
Onefour,One-D7-137,ambient,2019,Koe_mac,0.098039216,grass
Onefour,One-D7-137,ambient,2019,Phl_hoo,0.098039216,forb
Onefour,One-D7-137,ambient,2019,Sph_coc,0.156862745,forb
Onefour,One-D7-137,ambient,2019,Tar_off,0.039215686,forb
Onefour,One-D7-137,ambient,2019,Tra_dub,0.019607843,forb
Onefour,One-D8-138,reduced,2017,Agr_das,0.053571429,grass
Onefour,One-D8-138,reduced,2017,Art_fri,0.089285714,forb
Onefour,One-D8-138,reduced,2017,Bou_gra,0.035714286,grass
Onefour,One-D8-138,reduced,2017,Car_spp,0.017857143,grass
Onefour,One-D8-138,reduced,2017,Hes_com,0.178571429,grass
Onefour,One-D8-138,reduced,2017,Koe_mac,0.089285714,grass
Onefour,One-D8-138,reduced,2017,Kra_lan,0.357142857,forb
Onefour,One-D8-138,reduced,2017,Sph_coc,0.178571429,forb
Onefour,One-D8-138,reduced,2018,Agr_das,0.11627907,grass
Onefour,One-D8-138,reduced,2018,Bou_gra,0.11627907,grass
Onefour,One-D8-138,reduced,2018,Car_spp,0.034883721,grass
Onefour,One-D8-138,reduced,2018,Hes_com,0.058139535,grass
Onefour,One-D8-138,reduced,2018,Koe_mac,0.058139535,grass
Onefour,One-D8-138,reduced,2018,Kra_lan,0.23255814,forb
Onefour,One-D8-138,reduced,2018,Phl_hoo,0.058139535,forb
Onefour,One-D8-138,reduced,2018,Pla_pat,0.034883721,forb
Onefour,One-D8-138,reduced,2018,Sph_coc,0.23255814,forb
Onefour,One-D8-138,reduced,2018,Tra_dub,0.058139535,forb
Onefour,One-D8-138,reduced,2019,Agr_das,0.174418605,grass
Onefour,One-D8-138,reduced,2019,Art_fri,0.023255814,forb
Onefour,One-D8-138,reduced,2019,Bou_gra,0.058139535,grass
Onefour,One-D8-138,reduced,2019,Car_spp,0.023255814,grass
Onefour,One-D8-138,reduced,2019,Hes_com,0.058139535,grass
Onefour,One-D8-138,reduced,2019,Koe_mac,0.11627907,grass
Onefour,One-D8-138,reduced,2019,Kra_lan,0.23255814,forb
Onefour,One-D8-138,reduced,2019,Phl_hoo,0.058139535,forb
Onefour,One-D8-138,reduced,2019,Pla_pat,0.023255814,forb
Onefour,One-D8-138,reduced,2019,Sph_coc,0.174418605,forb
Onefour,One-D8-138,reduced,2019,Tra_dub,0.058139535,forb
Oyen,Oye-A5-145,reduced,2017,Ave_hoo,0.111111111,grass
Oyen,Oye-A5-145,reduced,2017,Car_spp,0.166666667,grass
Oyen,Oye-A5-145,reduced,2017,Hes_cur,0.555555556,grass
Oyen,Oye-A5-145,reduced,2017,Pas_smi,0.055555556,grass
Oyen,Oye-A5-145,reduced,2017,Pul_pat,0.111111111,forb
Oyen,Oye-A5-145,reduced,2018,Agr_das,0.016666667,grass
Oyen,Oye-A5-145,reduced,2018,Ave_hoo,0.05,grass
Oyen,Oye-A5-145,reduced,2018,Car_spp,0.25,grass
Oyen,Oye-A5-145,reduced,2018,Che_alb,0.016666667,forb
Oyen,Oye-A5-145,reduced,2018,Hes_cur,0.583333333,grass
Oyen,Oye-A5-145,reduced,2018,Pas_smi,0.083333333,grass
Oyen,Oye-A5-145,reduced,2019,Ave_hoo,0.056818182,grass
Oyen,Oye-A5-145,reduced,2019,Car_spp,0.284090909,grass
Oyen,Oye-A5-145,reduced,2019,Hes_cur,0.454545455,grass
Oyen,Oye-A5-145,reduced,2019,Pas_smi,0.090909091,grass
Oyen,Oye-A5-145,reduced,2019,Pul_pat,0.113636364,forb
Oyen,Oye-B1-151,ambient,2017,Agr_das,0.588235294,grass
Oyen,Oye-B1-151,ambient,2017,Arn_ful,0.058823529,forb
Oyen,Oye-B1-151,ambient,2017,Ast_agr,0.035294118,forb
Oyen,Oye-B1-151,ambient,2017,Car_spp,0.058823529,grass
Oyen,Oye-B1-151,ambient,2017,Pas_smi,0.023529412,grass
Oyen,Oye-B1-151,ambient,2017,Pul_pat,0.235294118,forb
Oyen,Oye-B1-151,ambient,2018,Agr_das,0.649350649,grass
Oyen,Oye-B1-151,ambient,2018,Ast_agr,0.025974026,forb
Oyen,Oye-B1-151,ambient,2018,Car_spp,0.064935065,grass
Oyen,Oye-B1-151,ambient,2018,Pul_pat,0.25974026,forb
Oyen,Oye-B1-151,ambient,2019,Agr_das,0.548780488,grass
Oyen,Oye-B1-151,ambient,2019,Arn_ful,0.036585366,forb
Oyen,Oye-B1-151,ambient,2019,Ast_agr,0.048780488,forb
Oyen,Oye-B1-151,ambient,2019,Car_spp,0.182926829,grass
Oyen,Oye-B1-151,ambient,2019,Pul_pat,0.182926829,forb
Oyen,Oye-B10-160,reduced,2017,Ach_mil,0.04950495,forb
Oyen,Oye-B10-160,reduced,2017,Car_spp,0.396039604,grass
Oyen,Oye-B10-160,reduced,2017,Hes_cur,0.198019802,grass
Oyen,Oye-B10-160,reduced,2017,Pas_smi,0.148514851,grass
Oyen,Oye-B10-160,reduced,2017,Pul_pat,0.198019802,forb
Oyen,Oye-B10-160,reduced,2017,Tra_dub,0.00990099,forb
Oyen,Oye-B10-160,reduced,2018,Car_spp,0.533333333,grass
Oyen,Oye-B10-160,reduced,2018,Hes_cur,0.133333333,grass
Oyen,Oye-B10-160,reduced,2018,Pas_smi,0.133333333,grass
Oyen,Oye-B10-160,reduced,2018,Pul_pat,0.2,forb
Oyen,Oye-B10-160,reduced,2019,Car_spp,0.666666667,grass
Oyen,Oye-B10-160,reduced,2019,Hes_cur,0.142857143,grass
Oyen,Oye-B10-160,reduced,2019,Pas_smi,0.047619048,grass
Oyen,Oye-B10-160,reduced,2019,Pul_pat,0.142857143,forb
Oyen,Oye-B9-159,ambient,2017,Agr_das,0.044247788,grass
Oyen,Oye-B9-159,ambient,2017,Car_spp,0.265486726,grass
Oyen,Oye-B9-159,ambient,2017,Hes_cur,0.442477876,grass
Oyen,Oye-B9-159,ambient,2017,Pas_smi,0.07079646,grass
Oyen,Oye-B9-159,ambient,2017,Pul_pat,0.17699115,forb
Oyen,Oye-B9-159,ambient,2018,Agr_das,0.133333333,grass
Oyen,Oye-B9-159,ambient,2018,Car_spp,0.2,grass
Oyen,Oye-B9-159,ambient,2018,Hes_cur,0.333333333,grass
Oyen,Oye-B9-159,ambient,2018,Pul_pat,0.333333333,forb
Oyen,Oye-B9-159,ambient,2019,Car_spp,0.454545455,grass
Oyen,Oye-B9-159,ambient,2019,Hes_cur,0.284090909,grass
Oyen,Oye-B9-159,ambient,2019,Pas_smi,0.090909091,grass
Oyen,Oye-B9-159,ambient,2019,Pul_pat,0.170454545,forb
Oyen,Oye-C7-167,reduced,2017,Car_spp,0.466666667,grass
Oyen,Oye-C7-167,reduced,2017,Hes_cur,0.4,grass
Oyen,Oye-C7-167,reduced,2017,Pul_pat,0.133333333,forb
Oyen,Oye-C7-167,reduced,2018,Car_spp,0.283018868,grass
Oyen,Oye-C7-167,reduced,2018,Hes_cur,0.377358491,grass
Oyen,Oye-C7-167,reduced,2018,Pas_smi,0.150943396,grass
Oyen,Oye-C7-167,reduced,2018,Pul_pat,0.188679245,forb
Oyen,Oye-C7-167,reduced,2019,Car_spp,0.214285714,grass
Oyen,Oye-C7-167,reduced,2019,Hes_cur,0.357142857,grass
Oyen,Oye-C7-167,reduced,2019,Pas_smi,0.214285714,grass
Oyen,Oye-C7-167,reduced,2019,Pul_pat,0.214285714,forb
Oyen,Oye-D2-172,reduced,2017,Car_spp,0.25862069,grass
Oyen,Oye-D2-172,reduced,2017,Hes_cur,0.689655172,grass
Oyen,Oye-D2-172,reduced,2017,Pul_pat,0.051724138,forb
Oyen,Oye-D2-172,reduced,2018,Agr_das,0.161290323,grass
Oyen,Oye-D2-172,reduced,2018,Ave_hoo,0.129032258,grass
Oyen,Oye-D2-172,reduced,2018,Car_spp,0.161290323,grass
Oyen,Oye-D2-172,reduced,2018,Fes_hal,0.064516129,grass
Oyen,Oye-D2-172,reduced,2018,Hes_cur,0.322580645,grass
Oyen,Oye-D2-172,reduced,2018,Pas_smi,0.161290323,grass
Oyen,Oye-D2-172,reduced,2019,Agr_das,0.12345679,grass
Oyen,Oye-D2-172,reduced,2019,Car_spp,0.308641975,grass
Oyen,Oye-D2-172,reduced,2019,Fes_hal,0.098765432,grass
Oyen,Oye-D2-172,reduced,2019,Hes_cur,0.24691358,grass
Oyen,Oye-D2-172,reduced,2019,Pas_smi,0.185185185,grass
Oyen,Oye-D2-172,reduced,2019,Pul_pat,0.037037037,forb
Oyen,Oye-D6-176,ambient,2017,Agr_das,0.12345679,grass
Oyen,Oye-D6-176,ambient,2017,Car_spp,0.24691358,grass
Oyen,Oye-D6-176,ambient,2017,Ely_tra,0.098765432,grass
Oyen,Oye-D6-176,ambient,2017,Fes_hal,0.061728395,grass
Oyen,Oye-D6-176,ambient,2017,Hes_cur,0.24691358,grass
Oyen,Oye-D6-176,ambient,2017,Lac_pul,0.098765432,forb
Oyen,Oye-D6-176,ambient,2017,Pul_pat,0.12345679,forb
Oyen,Oye-D6-176,ambient,2018,Car_spp,0.238095238,grass
Oyen,Oye-D6-176,ambient,2018,Ely_tra,0.095238095,grass
Oyen,Oye-D6-176,ambient,2018,Hes_cur,0.285714286,grass
Oyen,Oye-D6-176,ambient,2018,Lac_pul,0.142857143,forb
Oyen,Oye-D6-176,ambient,2018,Pas_smi,0.095238095,grass
Oyen,Oye-D6-176,ambient,2018,Pul_pat,0.142857143,forb
Oyen,Oye-D6-176,ambient,2019,Car_spp,0.384615385,grass
Oyen,Oye-D6-176,ambient,2019,Ely_tra,0.076923077,grass
Oyen,Oye-D6-176,ambient,2019,Hes_cur,0.230769231,grass
Oyen,Oye-D6-176,ambient,2019,Lac_pul,0.115384615,forb
Oyen,Oye-D6-176,ambient,2019,Pas_smi,0.115384615,grass
Oyen,Oye-D6-176,ambient,2019,Pul_pat,0.076923077,forb
Oyen,Oye-D9-179,ambient,2017,Car_spp,0.229885057,grass
Oyen,Oye-D9-179,ambient,2017,Ely_tra,0.402298851,grass
Oyen,Oye-D9-179,ambient,2017,Hes_cur,0.287356322,grass
Oyen,Oye-D9-179,ambient,2017,Pul_pat,0.022988506,forb
Oyen,Oye-D9-179,ambient,2017,Sol_mis,0.057471264,forb
Oyen,Oye-D9-179,ambient,2018,Car_spp,0.1875,grass
Oyen,Oye-D9-179,ambient,2018,Ely_tra,0.5625,grass
Oyen,Oye-D9-179,ambient,2018,Hes_cur,0.1,grass
Oyen,Oye-D9-179,ambient,2018,Pas_smi,0.0625,grass
Oyen,Oye-D9-179,ambient,2018,Pul_pat,0.0375,forb
Oyen,Oye-D9-179,ambient,2018,Sol_mis,0.05,forb
Oyen,Oye-D9-179,ambient,2019,Car_spp,0.219298246,grass
Oyen,Oye-D9-179,ambient,2019,Ely_tra,0.570175439,grass
Oyen,Oye-D9-179,ambient,2019,Hes_cur,0.131578947,grass
Oyen,Oye-D9-179,ambient,2019,Pul_pat,0.035087719,forb
Oyen,Oye-D9-179,ambient,2019,Sol_mis,0.043859649,forb
Sangudo,San-A4-184,ambient,2017,Ely_rep,0.4375,grass
Sangudo,San-A4-184,ambient,2017,Poa_pra,0.15625,grass
Sangudo,San-A4-184,ambient,2017,Tar_off,0.0625,forb
Sangudo,San-A4-184,ambient,2017,Tri_hyb,0.125,forb
Sangudo,San-A4-184,ambient,2017,Tri_rep,0.03125,forb
Sangudo,San-A4-184,ambient,2017,Vic_ame,0.1875,forb
Sangudo,San-A4-184,ambient,2018,Ely_rep,0.384615385,grass
Sangudo,San-A4-184,ambient,2018,Poa_pra,0.21978022,grass
Sangudo,San-A4-184,ambient,2018,Tar_off,0.21978022,forb
Sangudo,San-A4-184,ambient,2018,Tri_hyb,0.087912088,forb
Sangudo,San-A4-184,ambient,2018,Vic_ame,0.087912088,forb
Sangudo,San-A4-184,ambient,2019,Ely_rep,0.416666667,grass
Sangudo,San-A4-184,ambient,2019,Poa_pra,0.208333333,grass
Sangudo,San-A4-184,ambient,2019,Tar_off,0.375,forb
Sangudo,San-A6-186,ambient,2017,Ely_rep,0.398773006,grass
Sangudo,San-A6-186,ambient,2017,Poa_pra,0.27607362,grass
Sangudo,San-A6-186,ambient,2017,Tar_off,0.214723926,forb
Sangudo,San-A6-186,ambient,2017,Tri_rep,0.018404908,forb
Sangudo,San-A6-186,ambient,2017,Vic_ame,0.09202454,forb
Sangudo,San-A6-186,ambient,2018,Ely_rep,0.309734513,grass
Sangudo,San-A6-186,ambient,2018,Poa_pra,0.265486726,grass
Sangudo,San-A6-186,ambient,2018,Tar_off,0.353982301,forb
Sangudo,San-A6-186,ambient,2018,Vic_ame,0.07079646,forb
Sangudo,San-A6-186,ambient,2019,Bro_ine,0.1,grass
Sangudo,San-A6-186,ambient,2019,Ely_rep,0.4,grass
Sangudo,San-A6-186,ambient,2019,Poa_pra,0.2,grass
Sangudo,San-A6-186,ambient,2019,Tar_off,0.3,forb
Sangudo,San-D3-213,reduced,2017,Ach_mil,0.137931034,forb
Sangudo,San-D3-213,reduced,2017,Ely_rep,0.431034483,grass
Sangudo,San-D3-213,reduced,2017,Poa_pra,0.344827586,grass
Sangudo,San-D3-213,reduced,2017,Tar_off,0.051724138,forb
Sangudo,San-D3-213,reduced,2017,Tri_rep,0.034482759,forb
Sangudo,San-D3-213,reduced,2018,Ach_mil,0.105263158,forb
Sangudo,San-D3-213,reduced,2018,Ely_rep,0.315789474,grass
Sangudo,San-D3-213,reduced,2018,Poa_pra,0.315789474,grass
Sangudo,San-D3-213,reduced,2018,Tar_off,0.210526316,forb
Sangudo,San-D3-213,reduced,2018,Vic_ame,0.052631579,forb
Sangudo,San-D3-213,reduced,2019,Ach_mil,0.103448276,forb
Sangudo,San-D3-213,reduced,2019,Ely_rep,0.310344828,grass
Sangudo,San-D3-213,reduced,2019,Poa_pra,0.137931034,grass
Sangudo,San-D3-213,reduced,2019,Tar_off,0.448275862,forb
Sangudo,San-D4-214,reduced,2017,Ach_mil,0.018518519,forb
Sangudo,San-D4-214,reduced,2017,Ely_rep,0.509259259,grass
Sangudo,San-D4-214,reduced,2017,Poa_pra,0.277777778,grass
Sangudo,San-D4-214,reduced,2017,Tar_off,0.046296296,forb
Sangudo,San-D4-214,reduced,2017,Tri_rep,0.009259259,forb
Sangudo,San-D4-214,reduced,2017,Vic_ame,0.138888889,forb
Sangudo,San-D4-214,reduced,2018,Ely_rep,0.454545455,grass
Sangudo,San-D4-214,reduced,2018,Poa_pra,0.318181818,grass
Sangudo,San-D4-214,reduced,2018,Tar_off,0.181818182,forb
Sangudo,San-D4-214,reduced,2018,Vic_ame,0.045454545,forb
Sangudo,San-D4-214,reduced,2019,Ach_mil,0.018181818,forb
Sangudo,San-D4-214,reduced,2019,Ely_rep,0.454545455,grass
Sangudo,San-D4-214,reduced,2019,Poa_pra,0.181818182,grass
Sangudo,San-D4-214,reduced,2019,Tar_off,0.318181818,forb
Sangudo,San-D4-214,reduced,2019,Vic_ame,0.027272727,forb
Sangudo,San-D5-215,ambient,2017,Ely_rep,0.151515152,grass
Sangudo,San-D5-215,ambient,2017,Poa_pra,0.151515152,grass
Sangudo,San-D5-215,ambient,2017,Tar_off,0.090909091,forb
Sangudo,San-D5-215,ambient,2017,Tri_hyb,0.090909091,forb
Sangudo,San-D5-215,ambient,2017,Tri_rep,0.424242424,forb
Sangudo,San-D5-215,ambient,2017,Vic_ame,0.090909091,forb
Sangudo,San-D5-215,ambient,2018,Ely_rep,0.260869565,grass
Sangudo,San-D5-215,ambient,2018,Poa_pra,0.304347826,grass
Sangudo,San-D5-215,ambient,2018,Tar_off,0.173913043,forb
Sangudo,San-D5-215,ambient,2018,Tri_hyb,0.217391304,forb
Sangudo,San-D5-215,ambient,2018,Vic_ame,0.043478261,forb
Sangudo,San-D5-215,ambient,2019,Ely_rep,0.333333333,grass
Sangudo,San-D5-215,ambient,2019,Poa_pra,0.285714286,grass
Sangudo,San-D5-215,ambient,2019,Tar_off,0.380952381,forb
Sangudo,San-D6-216,ambient,2017,Bro_ine,0.169491525,grass
Sangudo,San-D6-216,ambient,2017,Ely_rep,0.254237288,grass
Sangudo,San-D6-216,ambient,2017,Poa_pra,0.338983051,grass
Sangudo,San-D6-216,ambient,2017,Tar_off,0.127118644,forb
Sangudo,San-D6-216,ambient,2017,Tri_rep,0.042372881,forb
Sangudo,San-D6-216,ambient,2017,Vic_ame,0.06779661,forb
Sangudo,San-D6-216,ambient,2018,Ely_rep,0.277777778,grass
Sangudo,San-D6-216,ambient,2018,Poa_pra,0.388888889,grass
Sangudo,San-D6-216,ambient,2018,Tar_off,0.277777778,forb
Sangudo,San-D6-216,ambient,2018,Vic_ame,0.055555556,forb
Sangudo,San-D6-216,ambient,2019,Ely_rep,0.277777778,grass
Sangudo,San-D6-216,ambient,2019,Poa_pra,0.444444444,grass
Sangudo,San-D6-216,ambient,2019,Tar_off,0.277777778,forb
Sangudo,San-D9-219,reduced,2017,Ely_rep,0.550847458,grass
Sangudo,San-D9-219,reduced,2017,Poa_pra,0.254237288,grass
Sangudo,San-D9-219,reduced,2017,Tar_off,0.127118644,forb
Sangudo,San-D9-219,reduced,2017,Tri_rep,0.06779661,forb
Sangudo,San-D9-219,reduced,2018,Ely_rep,0.533980583,grass
Sangudo,San-D9-219,reduced,2018,Poa_pra,0.145631068,grass
Sangudo,San-D9-219,reduced,2018,Tar_off,0.291262136,forb
Sangudo,San-D9-219,reduced,2018,Tri_rep,0.029126214,forb
Sangudo,San-D9-219,reduced,2019,Ely_rep,0.5,grass
Sangudo,San-D9-219,reduced,2019,Poa_pra,0.153846154,grass
Sangudo,San-D9-219,reduced,2019,Tar_off,0.346153846,forb
Stavely,Sta-A6-226,ambient,2017,Ach_mil,0.05,forb
Stavely,Sta-A6-226,ambient,2017,Ago_gla,0.01875,forb
Stavely,Sta-A6-226,ambient,2017,Agr_das,0.09375,grass
Stavely,Sta-A6-226,ambient,2017,Ast_agr,0.0125,forb
Stavely,Sta-A6-226,ambient,2017,Bro_ine,0.0625,grass
Stavely,Sta-A6-226,ambient,2017,Cam_rot,0.01875,forb
Stavely,Sta-A6-226,ambient,2017,Eri_phi,0.0625,forb
Stavely,Sta-A6-226,ambient,2017,Fes_cam,0.03125,grass
Stavely,Sta-A6-226,ambient,2017,Gal_bor,0.0625,forb
Stavely,Sta-A6-226,ambient,2017,Lat_och,0.03125,forb
Stavely,Sta-A6-226,ambient,2017,Phl_pra,0.125,grass
Stavely,Sta-A6-226,ambient,2017,Poa_pra,0.375,grass
Stavely,Sta-A6-226,ambient,2017,Ros_aci,0.03125,shrub
Stavely,Sta-A6-226,ambient,2017,Sym_fal,0.0125,forb
Stavely,Sta-A6-226,ambient,2017,The_rho,0.0125,forb
Stavely,Sta-A6-226,ambient,2018,Ach_mil,0.142857143,forb
Stavely,Sta-A6-226,ambient,2018,Ago_gla,0.019047619,forb
Stavely,Sta-A6-226,ambient,2018,Agr_das,0.095238095,grass
Stavely,Sta-A6-226,ambient,2018,Ast_agr,0.019047619,forb
Stavely,Sta-A6-226,ambient,2018,Bro_ine,0.047619048,grass
Stavely,Sta-A6-226,ambient,2018,Eri_phi,0.095238095,forb
Stavely,Sta-A6-226,ambient,2018,Gal_bor,0.142857143,forb
Stavely,Sta-A6-226,ambient,2018,Hed_alp,0.019047619,forb
Stavely,Sta-A6-226,ambient,2018,Lat_och,0.038095238,forb
Stavely,Sta-A6-226,ambient,2018,Phl_pra,0.076190476,grass
Stavely,Sta-A6-226,ambient,2018,Poa_pra,0.19047619,grass
Stavely,Sta-A6-226,ambient,2018,Ros_aci,0.076190476,shrub
Stavely,Sta-A6-226,ambient,2018,The_rho,0.038095238,forb
Stavely,Sta-A6-226,ambient,2019,Ach_mil,0.081300813,forb
Stavely,Sta-A6-226,ambient,2019,Ago_gla,0.016260163,forb
Stavely,Sta-A6-226,ambient,2019,Agr_das,0.081300813,grass
Stavely,Sta-A6-226,ambient,2019,Bro_ine,0.06504065,grass
Stavely,Sta-A6-226,ambient,2019,Cer_arv,0.040650407,forb
Stavely,Sta-A6-226,ambient,2019,Eri_phi,0.12195122,forb
Stavely,Sta-A6-226,ambient,2019,Gal_bor,0.162601626,forb
Stavely,Sta-A6-226,ambient,2019,Lat_och,0.032520325,forb
Stavely,Sta-A6-226,ambient,2019,Poa_pra,0.284552846,grass
Stavely,Sta-A6-226,ambient,2019,Ros_aci,0.081300813,shrub
Stavely,Sta-A6-226,ambient,2019,The_rho,0.032520325,forb
Stavely,Sta-B5-235,reduced,2017,Ach_mil,0.053191489,forb
Stavely,Sta-B5-235,reduced,2017,Agr_das,0.026595745,grass
Stavely,Sta-B5-235,reduced,2017,All_cer,0.026595745,forb
Stavely,Sta-B5-235,reduced,2017,Cam_rot,0.053191489,forb
Stavely,Sta-B5-235,reduced,2017,Dan_par,0.132978723,grass
Stavely,Sta-B5-235,reduced,2017,Gal_bor,0.079787234,forb
Stavely,Sta-B5-235,reduced,2017,Geu_tri,0.026595745,forb
Stavely,Sta-B5-235,reduced,2017,Koe_mac,0.053191489,grass
Stavely,Sta-B5-235,reduced,2017,Lat_och,0.026595745,forb
Stavely,Sta-B5-235,reduced,2017,Lup_ser,0.021276596,forb
Stavely,Sta-B5-235,reduced,2017,Phl_pra,0.079787234,grass
Stavely,Sta-B5-235,reduced,2017,Poa_pra,0.212765957,grass
Stavely,Sta-B5-235,reduced,2017,Ros_aci,0.053191489,shrub
Stavely,Sta-B5-235,reduced,2017,Sym_fal,0.021276596,forb
Stavely,Sta-B5-235,reduced,2017,The_rho,0.079787234,forb
Stavely,Sta-B5-235,reduced,2017,Vic_ame,0.053191489,forb
Stavely,Sta-B5-235,reduced,2018,Ach_mil,0.072463768,forb
Stavely,Sta-B5-235,reduced,2018,Dan_par,0.217391304,grass
Stavely,Sta-B5-235,reduced,2018,Gal_bor,0.072463768,forb
Stavely,Sta-B5-235,reduced,2018,Geu_tri,0.036231884,forb
Stavely,Sta-B5-235,reduced,2018,Lat_och,0.02173913,forb
Stavely,Sta-B5-235,reduced,2018,Lup_ser,0.036231884,forb
Stavely,Sta-B5-235,reduced,2018,Phl_pra,0.108695652,grass
Stavely,Sta-B5-235,reduced,2018,Poa_pra,0.18115942,grass
Stavely,Sta-B5-235,reduced,2018,Ros_aci,0.072463768,shrub
Stavely,Sta-B5-235,reduced,2018,The_rho,0.144927536,forb
Stavely,Sta-B5-235,reduced,2018,Vic_ame,0.036231884,forb
Stavely,Sta-B5-235,reduced,2019,Ach_mil,0.068376068,forb
Stavely,Sta-B5-235,reduced,2019,Agr_das,0.042735043,grass
Stavely,Sta-B5-235,reduced,2019,Dan_par,0.213675214,grass
Stavely,Sta-B5-235,reduced,2019,Gal_bor,0.085470085,forb
Stavely,Sta-B5-235,reduced,2019,Geu_tri,0.042735043,forb
Stavely,Sta-B5-235,reduced,2019,Hed_alp,0.025641026,forb
Stavely,Sta-B5-235,reduced,2019,Phl_pra,0.068376068,grass
Stavely,Sta-B5-235,reduced,2019,Poa_pra,0.213675214,grass
Stavely,Sta-B5-235,reduced,2019,Ros_aci,0.068376068,shrub
Stavely,Sta-B5-235,reduced,2019,The_rho,0.170940171,forb
Stavely,Sta-B8-238,reduced,2017,Ago_gla,0.019736842,forb
Stavely,Sta-B8-238,reduced,2017,All_cer,0.032894737,forb
Stavely,Sta-B8-238,reduced,2017,Cam_rot,0.098684211,forb
Stavely,Sta-B8-238,reduced,2017,Das_fru,0.065789474,shrub
Stavely,Sta-B8-238,reduced,2017,Fes_cam,0.164473684,grass
Stavely,Sta-B8-238,reduced,2017,Gal_bor,0.131578947,forb
Stavely,Sta-B8-238,reduced,2017,Lat_och,0.013157895,forb
Stavely,Sta-B8-238,reduced,2017,Poa_pra,0.460526316,grass
Stavely,Sta-B8-238,reduced,2017,Tar_off,0.013157895,forb
Stavely,Sta-B8-238,reduced,2018,Ago_gla,0.023529412,forb
Stavely,Sta-B8-238,reduced,2018,Cam_rot,0.035294118,forb
Stavely,Sta-B8-238,reduced,2018,Das_fru,0.047058824,shrub
Stavely,Sta-B8-238,reduced,2018,Fes_cam,0.176470588,grass
Stavely,Sta-B8-238,reduced,2018,Gal_bor,0.235294118,forb
Stavely,Sta-B8-238,reduced,2018,Hed_alp,0.011764706,forb
Stavely,Sta-B8-238,reduced,2018,Lat_och,0.023529412,forb
Stavely,Sta-B8-238,reduced,2018,Poa_pra,0.411764706,grass
Stavely,Sta-B8-238,reduced,2018,Vic_ame,0.035294118,forb
Stavely,Sta-B8-238,reduced,2019,Ago_gla,0.030612245,forb
Stavely,Sta-B8-238,reduced,2019,All_cer,0.030612245,forb
Stavely,Sta-B8-238,reduced,2019,Cam_rot,0.020408163,forb
Stavely,Sta-B8-238,reduced,2019,Das_fru,0.102040816,shrub
Stavely,Sta-B8-238,reduced,2019,Fes_cam,0.153061224,grass
Stavely,Sta-B8-238,reduced,2019,Gal_bor,0.255102041,forb
Stavely,Sta-B8-238,reduced,2019,Lat_och,0.020408163,forb
Stavely,Sta-B8-238,reduced,2019,Poa_pra,0.357142857,grass
Stavely,Sta-B8-238,reduced,2019,Vic_ame,0.030612245,forb
Stavely,Sta-C1-241,reduced,2017,Ach_mil,0.032258065,forb
Stavely,Sta-C1-241,reduced,2017,Ago_gla,0.006451613,forb
Stavely,Sta-C1-241,reduced,2017,Agr_das,0.064516129,grass
Stavely,Sta-C1-241,reduced,2017,Cir_und,0.096774194,forb
Stavely,Sta-C1-241,reduced,2017,Fes_cam,0.161290323,grass
Stavely,Sta-C1-241,reduced,2017,Gal_bor,0.161290323,forb
Stavely,Sta-C1-241,reduced,2017,Lat_och,0.006451613,forb
Stavely,Sta-C1-241,reduced,2017,Lup_ser,0.051612903,forb
Stavely,Sta-C1-241,reduced,2017,Poa_pra,0.419354839,grass
Stavely,Sta-C1-241,reduced,2018,Ach_mil,0.074766355,forb
Stavely,Sta-C1-241,reduced,2018,Ago_gla,0.018691589,forb
Stavely,Sta-C1-241,reduced,2018,Agr_das,0.074766355,grass
Stavely,Sta-C1-241,reduced,2018,Cir_und,0.093457944,forb
Stavely,Sta-C1-241,reduced,2018,Fes_cam,0.23364486,grass
Stavely,Sta-C1-241,reduced,2018,Gal_bor,0.140186916,forb
Stavely,Sta-C1-241,reduced,2018,Lat_och,0.037383178,forb
Stavely,Sta-C1-241,reduced,2018,Poa_pra,0.327102804,grass
Stavely,Sta-C1-241,reduced,2019,Ach_mil,0.056818182,forb
Stavely,Sta-C1-241,reduced,2019,Agr_das,0.090909091,grass
Stavely,Sta-C1-241,reduced,2019,Cir_und,0.170454545,forb
Stavely,Sta-C1-241,reduced,2019,Fes_cam,0.284090909,grass
Stavely,Sta-C1-241,reduced,2019,Gal_bor,0.170454545,forb
Stavely,Sta-C1-241,reduced,2019,Lup_ser,0.056818182,forb
Stavely,Sta-C1-241,reduced,2019,Poa_pra,0.170454545,grass
Stavely,Sta-C10-250,reduced,2017,Ach_mil,0.035211268,forb
Stavely,Sta-C10-250,reduced,2017,Agr_das,0.035211268,grass
Stavely,Sta-C10-250,reduced,2017,Bro_ine,0.056338028,grass
Stavely,Sta-C10-250,reduced,2017,Dan_par,0.176056338,grass
Stavely,Sta-C10-250,reduced,2017,Fes_cam,0.352112676,grass
Stavely,Sta-C10-250,reduced,2017,Gal_bor,0.028169014,forb
Stavely,Sta-C10-250,reduced,2017,Lat_och,0.035211268,forb
Stavely,Sta-C10-250,reduced,2017,Phl_pra,0.021126761,grass
Stavely,Sta-C10-250,reduced,2017,Poa_pra,0.176056338,grass
Stavely,Sta-C10-250,reduced,2017,Pul_pat,0.035211268,forb
Stavely,Sta-C10-250,reduced,2017,Ros_aci,0.021126761,shrub
Stavely,Sta-C10-250,reduced,2017,The_rho,0.021126761,forb
Stavely,Sta-C10-250,reduced,2017,Vic_ame,0.007042254,forb
Stavely,Sta-C10-250,reduced,2018,Ach_mil,0.025862069,forb
Stavely,Sta-C10-250,reduced,2018,Bro_ine,0.017241379,grass
Stavely,Sta-C10-250,reduced,2018,Dan_par,0.129310345,grass
Stavely,Sta-C10-250,reduced,2018,Fes_cam,0.387931034,grass
Stavely,Sta-C10-250,reduced,2018,Gal_bor,0.043103448,forb
Stavely,Sta-C10-250,reduced,2018,Lat_och,0.034482759,forb
Stavely,Sta-C10-250,reduced,2018,Phl_pra,0.086206897,grass
Stavely,Sta-C10-250,reduced,2018,Poa_pra,0.129310345,grass
Stavely,Sta-C10-250,reduced,2018,Pul_pat,0.025862069,forb
Stavely,Sta-C10-250,reduced,2018,Ros_aci,0.086206897,shrub
Stavely,Sta-C10-250,reduced,2018,Tar_off,0.017241379,forb
Stavely,Sta-C10-250,reduced,2018,The_rho,0.017241379,forb
Stavely,Sta-C10-250,reduced,2019,Bro_ine,0.09009009,grass
Stavely,Sta-C10-250,reduced,2019,Dan_par,0.09009009,grass
Stavely,Sta-C10-250,reduced,2019,Fes_cam,0.405405405,grass
Stavely,Sta-C10-250,reduced,2019,Gal_bor,0.027027027,forb
Stavely,Sta-C10-250,reduced,2019,Lat_och,0.027027027,forb
Stavely,Sta-C10-250,reduced,2019,Poa_pra,0.09009009,grass
Stavely,Sta-C10-250,reduced,2019,Ros_aci,0.135135135,shrub
Stavely,Sta-C10-250,reduced,2019,Sol_mis,0.027027027,forb
Stavely,Sta-C10-250,reduced,2019,Sym_fal,0.027027027,forb
Stavely,Sta-C10-250,reduced,2019,Tar_off,0.045045045,forb
Stavely,Sta-C10-250,reduced,2019,The_rho,0.036036036,forb
Stavely,Sta-C2-242,ambient,2017,Ach_mil,0.080645161,forb
Stavely,Sta-C2-242,ambient,2017,Cir_und,0.080645161,forb
Stavely,Sta-C2-242,ambient,2017,Dan_par,0.134408602,grass
Stavely,Sta-C2-242,ambient,2017,Fes_cam,0.080645161,grass
Stavely,Sta-C2-242,ambient,2017,Gal_bor,0.080645161,forb
Stavely,Sta-C2-242,ambient,2017,Lat_och,0.016129032,forb
Stavely,Sta-C2-242,ambient,2017,Poa_pra,0.349462366,grass
Stavely,Sta-C2-242,ambient,2017,Pot_gra,0.134408602,forb
Stavely,Sta-C2-242,ambient,2017,Ros_aci,0.043010753,shrub
Stavely,Sta-C2-242,ambient,2018,Ach_mil,0.03125,forb
Stavely,Sta-C2-242,ambient,2018,Cir_und,0.0625,forb
Stavely,Sta-C2-242,ambient,2018,Dan_par,0.15625,grass
Stavely,Sta-C2-242,ambient,2018,Fes_cam,0.125,grass
Stavely,Sta-C2-242,ambient,2018,Gal_bor,0.09375,forb
Stavely,Sta-C2-242,ambient,2018,Lat_och,0.03125,forb
Stavely,Sta-C2-242,ambient,2018,Poa_pra,0.1875,grass
Stavely,Sta-C2-242,ambient,2018,Pot_gra,0.05,forb
Stavely,Sta-C2-242,ambient,2018,Ros_aci,0.09375,shrub
Stavely,Sta-C2-242,ambient,2018,Sol_can,0.0625,forb
Stavely,Sta-C2-242,ambient,2018,Sym_cil,0.09375,forb
Stavely,Sta-C2-242,ambient,2018,Tha_ven,0.0125,forb
Stavely,Sta-C2-242,ambient,2019,Ach_mil,0.045454545,forb
Stavely,Sta-C2-242,ambient,2019,Cir_und,0.045454545,forb
Stavely,Sta-C2-242,ambient,2019,Dan_par,0.181818182,grass
Stavely,Sta-C2-242,ambient,2019,Fes_cam,0.181818182,grass
Stavely,Sta-C2-242,ambient,2019,Gal_bor,0.181818182,forb
Stavely,Sta-C2-242,ambient,2019,Lat_och,0.027272727,forb
Stavely,Sta-C2-242,ambient,2019,Poa_pra,0.181818182,grass
Stavely,Sta-C2-242,ambient,2019,Pot_gra,0.045454545,forb
Stavely,Sta-C2-242,ambient,2019,Ros_aci,0.036363636,shrub
Stavely,Sta-C2-242,ambient,2019,Sym_cil,0.072727273,forb
Stavely,Sta-C6-246,ambient,2017,Ach_mil,0.072992701,forb
Stavely,Sta-C6-246,ambient,2017,Agr_das,0.01459854,grass
Stavely,Sta-C6-246,ambient,2017,Das_fru,0.291970803,shrub
Stavely,Sta-C6-246,ambient,2017,Gal_bor,0.02919708,forb
Stavely,Sta-C6-246,ambient,2017,Lat_och,0.058394161,forb
Stavely,Sta-C6-246,ambient,2017,Poa_pra,0.401459854,grass
Stavely,Sta-C6-246,ambient,2017,Ros_aci,0.109489051,shrub
Stavely,Sta-C6-246,ambient,2017,Vic_ame,0.02189781,forb
Stavely,Sta-C6-246,ambient,2018,Ach_mil,0.101351351,forb
Stavely,Sta-C6-246,ambient,2018,Agr_das,0.02027027,grass
Stavely,Sta-C6-246,ambient,2018,Das_fru,0.27027027,shrub
Stavely,Sta-C6-246,ambient,2018,Gal_bor,0.067567568,forb
Stavely,Sta-C6-246,ambient,2018,Lat_och,0.033783784,forb
Stavely,Sta-C6-246,ambient,2018,Poa_pra,0.304054054,grass
Stavely,Sta-C6-246,ambient,2018,Ros_aci,0.202702703,shrub
Stavely,Sta-C6-246,ambient,2019,Ach_mil,0.127118644,forb
Stavely,Sta-C6-246,ambient,2019,Das_fru,0.254237288,shrub
Stavely,Sta-C6-246,ambient,2019,Gal_bor,0.084745763,forb
Stavely,Sta-C6-246,ambient,2019,Lat_och,0.025423729,forb
Stavely,Sta-C6-246,ambient,2019,Poa_pra,0.296610169,grass
Stavely,Sta-C6-246,ambient,2019,Ros_aci,0.169491525,shrub
Stavely,Sta-C6-246,ambient,2019,Vic_ame,0.042372881,forb
Stavely,Sta-C7-247,ambient,2017,Ach_mil,0.02189781,forb
Stavely,Sta-C7-247,ambient,2017,Ago_gla,0.02189781,forb
Stavely,Sta-C7-247,ambient,2017,Bro_ine,0.01459854,grass
Stavely,Sta-C7-247,ambient,2017,Das_fru,0.109489051,shrub
Stavely,Sta-C7-247,ambient,2017,Fes_cam,0.182481752,grass
Stavely,Sta-C7-247,ambient,2017,Gal_bor,0.058394161,forb
Stavely,Sta-C7-247,ambient,2017,Lat_och,0.02189781,forb
Stavely,Sta-C7-247,ambient,2017,Poa_pra,0.437956204,grass
Stavely,Sta-C7-247,ambient,2017,Ros_aci,0.058394161,shrub
Stavely,Sta-C7-247,ambient,2017,The_rho,0.072992701,forb
Stavely,Sta-C7-247,ambient,2018,Ach_mil,0.02970297,forb
Stavely,Sta-C7-247,ambient,2018,Das_fru,0.247524752,shrub
Stavely,Sta-C7-247,ambient,2018,Fes_cam,0.148514851,grass
Stavely,Sta-C7-247,ambient,2018,Gal_bor,0.099009901,forb
Stavely,Sta-C7-247,ambient,2018,Lat_och,0.04950495,forb
Stavely,Sta-C7-247,ambient,2018,Poa_pra,0.297029703,grass
Stavely,Sta-C7-247,ambient,2018,The_rho,0.099009901,forb
Stavely,Sta-C7-247,ambient,2018,Vic_ame,0.02970297,forb
Stavely,Sta-C7-247,ambient,2019,Ach_mil,0.039215686,forb
Stavely,Sta-C7-247,ambient,2019,Das_fru,0.245098039,shrub
Stavely,Sta-C7-247,ambient,2019,Fes_cam,0.196078431,grass
Stavely,Sta-C7-247,ambient,2019,Gal_bor,0.098039216,forb
Stavely,Sta-C7-247,ambient,2019,Poa_pra,0.343137255,grass
Stavely,Sta-C7-247,ambient,2019,The_rho,0.078431373,forb
Twinriver,Twi-A2-262,ambient,2017,Ach_mil,0.034883721,forb
Twinriver,Twi-A2-262,ambient,2017,Car_spp,0.023255814,grass
Twinriver,Twi-A2-262,ambient,2017,Fes_ida,0.523255814,grass
Twinriver,Twi-A2-262,ambient,2017,Geu_tri,0.058139535,forb
Twinriver,Twi-A2-262,ambient,2017,Het_vil,0.11627907,forb
Twinriver,Twi-A2-262,ambient,2017,Pas_smi,0.058139535,grass
Twinriver,Twi-A2-262,ambient,2017,Pot_pen,0.058139535,forb
Twinriver,Twi-A2-262,ambient,2017,Sol_mis,0.093023256,forb
Twinriver,Twi-A2-262,ambient,2017,Vic_ame,0.034883721,forb
Twinriver,Twi-A2-262,ambient,2018,Ach_mil,0.018181818,forb
Twinriver,Twi-A2-262,ambient,2018,Agr_das,0.054545455,grass
Twinriver,Twi-A2-262,ambient,2018,Car_spp,0.018181818,grass
Twinriver,Twi-A2-262,ambient,2018,Fes_ida,0.727272727,grass
Twinriver,Twi-A2-262,ambient,2018,Pas_smi,0.145454545,grass
Twinriver,Twi-A2-262,ambient,2018,Tra_dub,0.036363636,forb
Twinriver,Twi-A2-262,ambient,2019,Ach_mil,0.039473684,forb
Twinriver,Twi-A2-262,ambient,2019,Agr_das,0.052631579,grass
Twinriver,Twi-A2-262,ambient,2019,Car_spp,0.026315789,grass
Twinriver,Twi-A2-262,ambient,2019,Fes_ida,0.723684211,grass
Twinriver,Twi-A2-262,ambient,2019,Pas_smi,0.065789474,grass
Twinriver,Twi-A2-262,ambient,2019,Pot_pen,0.039473684,forb
Twinriver,Twi-A2-262,ambient,2019,Sol_mis,0.013157895,forb
Twinriver,Twi-A2-262,ambient,2019,Tra_dub,0.039473684,forb
Twinriver,Twi-A3-263,ambient,2017,Ach_mil,0.028571429,forb
Twinriver,Twi-A3-263,ambient,2017,Agr_das,0.214285714,grass
Twinriver,Twi-A3-263,ambient,2017,Car_spp,0.014285714,grass
Twinriver,Twi-A3-263,ambient,2017,Hes_com,0.5,grass
Twinriver,Twi-A3-263,ambient,2017,Poa_pra,0.214285714,grass
Twinriver,Twi-A3-263,ambient,2017,Tar_off,0.014285714,forb
Twinriver,Twi-A3-263,ambient,2017,Vic_ame,0.014285714,forb
Twinriver,Twi-A3-263,ambient,2018,Ach_mil,0.016393443,forb
Twinriver,Twi-A3-263,ambient,2018,Agr_das,0.327868852,grass
Twinriver,Twi-A3-263,ambient,2018,All_tex,0.016393443,forb
Twinriver,Twi-A3-263,ambient,2018,Hes_com,0.573770492,grass
Twinriver,Twi-A3-263,ambient,2018,Tar_off,0.016393443,forb
Twinriver,Twi-A3-263,ambient,2018,Vic_ame,0.049180328,forb
Twinriver,Twi-A3-263,ambient,2019,Ach_mil,0.032258065,forb
Twinriver,Twi-A3-263,ambient,2019,Agr_das,0.241935484,grass
Twinriver,Twi-A3-263,ambient,2019,All_tex,0.016129032,forb
Twinriver,Twi-A3-263,ambient,2019,Car_spp,0.016129032,grass
Twinriver,Twi-A3-263,ambient,2019,Hes_com,0.564516129,grass
Twinriver,Twi-A3-263,ambient,2019,Poa_pra,0.080645161,grass
Twinriver,Twi-A3-263,ambient,2019,Tar_off,0.048387097,forb
Twinriver,Twi-A8-268,ambient,2017,Ach_mil,0.010752688,forb
Twinriver,Twi-A8-268,ambient,2017,Agr_das,0.430107527,grass
Twinriver,Twi-A8-268,ambient,2017,Car_spp,0.021505376,grass
Twinriver,Twi-A8-268,ambient,2017,Poa_pra,0.537634409,grass
Twinriver,Twi-A8-268,ambient,2018,Agr_das,0.241935484,grass
Twinriver,Twi-A8-268,ambient,2018,Car_spp,0.032258065,grass
Twinriver,Twi-A8-268,ambient,2018,Poa_pra,0.725806452,grass
Twinriver,Twi-A8-268,ambient,2019,Agr_das,0.151515152,grass
Twinriver,Twi-A8-268,ambient,2019,Car_spp,0.015151515,grass
Twinriver,Twi-A8-268,ambient,2019,Poa_pra,0.833333333,grass
Twinriver,Twi-B10-280,reduced,2017,Agr_das,0.245901639,grass
Twinriver,Twi-B10-280,reduced,2017,Car_spp,0.016393443,grass
Twinriver,Twi-B10-280,reduced,2017,Fes_ida,0.245901639,grass
Twinriver,Twi-B10-280,reduced,2017,Hes_com,0.327868852,grass
Twinriver,Twi-B10-280,reduced,2017,Koe_mac,0.049180328,grass
Twinriver,Twi-B10-280,reduced,2017,Tra_dub,0.032786885,forb
Twinriver,Twi-B10-280,reduced,2017,Vic_ame,0.081967213,forb
Twinriver,Twi-B10-280,reduced,2018,Agr_das,0.166666667,grass
Twinriver,Twi-B10-280,reduced,2018,Fes_ida,0.555555556,grass
Twinriver,Twi-B10-280,reduced,2018,Hes_com,0.277777778,grass
Twinriver,Twi-B10-280,reduced,2019,Agr_das,0.2,grass
Twinriver,Twi-B10-280,reduced,2019,Fes_ida,0.5,grass
Twinriver,Twi-B10-280,reduced,2019,Hes_com,0.2,grass
Twinriver,Twi-B10-280,reduced,2019,Poa_pra,0.1,grass
Twinriver,Twi-C2-282,reduced,2017,Ach_mil,0.095238095,forb
Twinriver,Twi-C2-282,reduced,2017,Agr_das,0.476190476,grass
Twinriver,Twi-C2-282,reduced,2017,Agr_sca,0.047619048,grass
Twinriver,Twi-C2-282,reduced,2017,Car_spp,0.071428571,grass
Twinriver,Twi-C2-282,reduced,2017,Ery_inc,0.047619048,forb
Twinriver,Twi-C2-282,reduced,2017,Fes_ida,0.238095238,grass
Twinriver,Twi-C2-282,reduced,2017,Vic_ame,0.023809524,forb
Twinriver,Twi-C2-282,reduced,2018,Agr_das,0.625,grass
Twinriver,Twi-C2-282,reduced,2018,Car_spp,0.041666667,grass
Twinriver,Twi-C2-282,reduced,2018,Fes_ida,0.333333333,grass
Twinriver,Twi-C2-282,reduced,2019,Ach_mil,0.023255814,forb
Twinriver,Twi-C2-282,reduced,2019,Agr_das,0.23255814,grass
Twinriver,Twi-C2-282,reduced,2019,Car_spp,0.023255814,grass
Twinriver,Twi-C2-282,reduced,2019,Fes_ida,0.697674419,grass
Twinriver,Twi-C2-282,reduced,2019,Vic_ame,0.023255814,forb
Twinriver,Twi-C4-284,reduced,2017,Agr_das,0.593220339,grass
Twinriver,Twi-C4-284,reduced,2017,Car_spp,0.084745763,grass
Twinriver,Twi-C4-284,reduced,2017,Ely_tra,0.033898305,grass
Twinriver,Twi-C4-284,reduced,2017,Ery_inc,0.016949153,forb
Twinriver,Twi-C4-284,reduced,2017,Fes_ida,0.06779661,grass
Twinriver,Twi-C4-284,reduced,2017,Hap_spi,0.169491525,forb
Twinriver,Twi-C4-284,reduced,2017,Vic_ame,0.033898305,forb
Twinriver,Twi-C4-284,reduced,2018,Agr_das,0.588235294,grass
Twinriver,Twi-C4-284,reduced,2018,Car_spp,0.117647059,grass
Twinriver,Twi-C4-284,reduced,2018,Fes_ida,0.294117647,grass
Twinriver,Twi-C4-284,reduced,2019,Agr_das,0.5,grass
Twinriver,Twi-C4-284,reduced,2019,Car_spp,0.06,grass
Twinriver,Twi-C4-284,reduced,2019,Fes_ida,0.4,grass
Twinriver,Twi-C4-284,reduced,2019,Hap_spi,0.04,forb
Twinriver,Twi-D2-292,ambient,2017,Agr_das,0.5,grass
Twinriver,Twi-D2-292,ambient,2017,Car_spp,0.022222222,grass
Twinriver,Twi-D2-292,ambient,2017,Poa_cus,0.388888889,grass
Twinriver,Twi-D2-292,ambient,2017,Vic_ame,0.088888889,forb
Twinriver,Twi-D2-292,ambient,2018,Agr_das,0.37037037,grass
Twinriver,Twi-D2-292,ambient,2018,Poa_cus,0.555555556,grass
Twinriver,Twi-D2-292,ambient,2018,Vic_ame,0.074074074,forb
Twinriver,Twi-D2-292,ambient,2019,Agr_das,0.319148936,grass
Twinriver,Twi-D2-292,ambient,2019,Art_fri,0.063829787,forb
Twinriver,Twi-D2-292,ambient,2019,Car_spp,0.042553191,grass
Twinriver,Twi-D2-292,ambient,2019,Poa_cus,0.531914894,grass
Twinriver,Twi-D2-292,ambient,2019,Vic_ame,0.042553191,forb
Twinriver,Twi-D7-297,reduced,2017,Agr_das,0.416666667,grass
Twinriver,Twi-D7-297,reduced,2017,Art_fri,0.016666667,forb
Twinriver,Twi-D7-297,reduced,2017,Car_spp,0.05,grass
Twinriver,Twi-D7-297,reduced,2017,Fes_ida,0.333333333,grass
Twinriver,Twi-D7-297,reduced,2017,Hes_com,0.083333333,grass
Twinriver,Twi-D7-297,reduced,2017,Het_vil,0.083333333,forb
Twinriver,Twi-D7-297,reduced,2017,Tra_dub,0.016666667,forb
Twinriver,Twi-D7-297,reduced,2018,Agr_das,0.172413793,grass
Twinriver,Twi-D7-297,reduced,2018,Art_fri,0.034482759,forb
Twinriver,Twi-D7-297,reduced,2018,Car_spp,0.068965517,grass
Twinriver,Twi-D7-297,reduced,2018,Fes_ida,0.689655172,grass
Twinriver,Twi-D7-297,reduced,2018,Vic_ame,0.034482759,forb
Twinriver,Twi-D7-297,reduced,2019,Ago_gla,0.018181818,forb
Twinriver,Twi-D7-297,reduced,2019,Agr_das,0.272727273,grass
Twinriver,Twi-D7-297,reduced,2019,Art_fri,0.036363636,forb
Twinriver,Twi-D7-297,reduced,2019,Car_spp,0.036363636,grass
Twinriver,Twi-D7-297,reduced,2019,Fes_ida,0.636363636,grass
